gate_value,label,rsa
0.102979906,0.0,0.0
0.086635806,0.0,0.0
0.27154285,0.0,0.0
0.25079477,0.0,0.0
0.32821155,0.0,0.0
0.16284168,0.0,0.0
0.06271422,0.0,0.0
0.386324,0.0,0.0
0.21520057,0.0,0.0
0.095254056,0.0,0.0
0.2591049,0.0,0.0
0.07157673,0.0,0.0
0.19376434,0.0,0.0
0.22839886,0.0,0.0
0.17086616,1.0,0.0
0.3277109,1.0,0.0
0.22758706,1.0,0.0
0.16325328,1.0,0.0
0.36193687,1.0,0.0
0.14473906,1.0,0.0
0.1715114,1.0,0.0
0.3328848,1.0,0.0
0.08511534,1.0,0.0
0.14549191,1.0,0.0
0.25226068,1.0,0.0
0.33410126,1.0,0.0
0.28341898,1.0,0.0
0.37574857,0.0,0.0
0.21378319,0.0,0.0
0.12431324,1.0,0.0
0.083251975,1.0,0.0
0.1896901,0.0,0.0
0.058109827,1.0,0.0
0.3410939,0.0,0.0
0.31349605,0.0,1.0
0.17661116,0.0,0.0
0.32344472,0.0,0.0
0.18912353,1.0,0.0
0.14681198,0.0,0.0
0.2961513,0.0,0.0
0.35316786,0.0,0.0
0.26062882,0.0,1.0
0.28028774,0.0,1.0
0.3493768,0.0,1.0
0.39633882,1.0,1.0
0.37275124,1.0,0.0
0.12975086,1.0,0.0
0.099232934,1.0,0.0
0.19108912,1.0,0.0
0.11021269,1.0,0.0
0.2813337,1.0,1.0
0.1481334,1.0,0.0
0.24141246,1.0,0.0
0.21028896,0.0,0.0
0.1753911,1.0,0.0
0.29371604,1.0,0.0
0.2825334,0.0,0.0
0.12652707,1.0,0.0
0.33337864,0.0,0.0
0.16976734,0.0,0.0
0.09453381,0.0,0.0
0.09601853,0.0,0.0
0.07877002,0.0,0.0
0.105600365,0.0,0.0
0.12354377,0.0,1.0
0.11558382,0.0,0.0
0.07320965,0.0,0.0
0.092004895,0.0,0.0
0.05421274,0.0,0.0
0.047505293,0.0,0.0
0.17050242,0.0,0.0
0.04558648,0.0,0.0
0.03238567,0.0,1.0
0.1083159,0.0,1.0
0.1365684,0.0,0.0
0.30983236,0.0,0.0
0.04978556,0.0,0.0
0.1721824,0.0,0.0
0.024276368,0.0,0.0
0.21564871,0.0,0.0
0.065048315,0.0,0.0
0.12689732,0.0,0.0
0.22761725,0.0,0.0
0.03257539,0.0,0.0
0.090316035,0.0,0.0
0.11860209,0.0,0.0
0.14817671,0.0,0.0
0.31708986,0.0,1.0
0.40721548,0.0,0.0
0.097337365,0.0,0.0
0.20246966,1.0,0.0
0.100572586,1.0,0.0
0.023680795,0.0,0.0
0.09298161,1.0,0.0
0.029263828,0.0,0.0
0.1334349,1.0,0.0
0.08696906,0.0,0.0
0.15414867,0.0,1.0
0.10962707,0.0,1.0
0.17058967,0.0,1.0
0.27804723,1.0,0.0
0.22847845,1.0,0.0
0.27764195,1.0,0.0
0.045070294,0.0,1.0
0.17285368,0.0,0.0
0.19592987,1.0,0.0
0.05176117,0.0,0.0
0.13912362,1.0,0.0
0.3072913,0.0,1.0
0.26232678,0.0,1.0
0.27740645,1.0,1.0
0.20574827,0.0,1.0
0.21023194,0.0,0.0
0.14790417,0.0,0.0
0.29403502,0.0,0.0
0.26434508,0.0,0.0
0.3539799,0.0,1.0
0.19737822,0.0,0.0
0.2176662,0.0,0.0
0.28227267,0.0,1.0
0.11475334,0.0,0.0
0.07159107,0.0,0.0
0.327419,0.0,0.0
0.3054019,0.0,0.0
0.45091408,0.0,0.0
0.18321182,0.0,0.0
0.22107221,0.0,0.0
0.04136454,0.0,0.0
0.17158899,0.0,0.0
0.092187144,0.0,0.0
0.34521186,0.0,0.0
0.2001343,0.0,1.0
0.07592473,0.0,0.0
0.13813293,0.0,0.0
0.23392989,0.0,0.0
0.22394751,0.0,0.0
0.4221076,0.0,0.0
0.1715425,0.0,0.0
0.1503405,0.0,0.0
0.19486625,0.0,0.0
0.048569363,0.0,0.0
0.20633104,1.0,0.0
0.1586973,0.0,0.0
0.23348893,0.0,0.0
0.022005705,0.0,0.0
0.11583552,1.0,0.0
0.14310548,1.0,0.0
0.17197116,1.0,1.0
0.089601725,1.0,1.0
0.31924948,1.0,0.0
0.3031506,1.0,0.0
0.38020912,1.0,0.0
0.14365588,0.0,0.0
0.13576858,0.0,0.0
0.16655613,1.0,0.0
0.09421918,0.0,0.0
0.17574647,0.0,0.0
0.020697208,0.0,0.0
0.11355208,0.0,0.0
0.021386007,0.0,0.0
0.18555778,0.0,0.0
0.028989581,0.0,0.0
0.055192474,0.0,0.0
0.16118309,0.0,0.0
0.048872318,0.0,0.0
